+,-,*,/,%,>,<,>=,<=,==,!=,||,&&,IDENTIFIER,LITERAL_INT,LITERAL_FLOAT,LITERAL_STRING,LITERAL_CHAR,null,stonks,not_stonks,[,],",",intijur,flote,bulen,strin,char,array,(,),!,;,=,let,if,{,},else,whil,coll,retun,funkshun,$,program,funcOrStatement,arithmeticOperator,relationalOperator,logicalOperator,operator,functionName,constant,booleanConstant,arrayConstant,commaConst,dataType,arrayType,elementType,varName,term,statement,declarationStatement,declare,letStatement,ifStatement,whileStatement,callStatement,returnStatement,expression,arrayExpression,commaExpr,functionDefinition,statements,parameterList,commaDataID,functionCall,commaTerm
ee,ee,ee,ee,ee,ee,ee,ee,ee,ee,ee,ee,ee,ee,ee,ee,ee,ee,ee,ee,ee,ee,ee,ee,s11,s12,s13,s14,s15,s22,ee,e0,ee,ee,ee,s17,s18,ee,e1,ee,s19,s20,s21,ee,r4,ee,1.0,ee,ee,ee,ee,ee,ee,ee,ee,ee,4.0,16.0,ee,ee,ee,3.0,5.0,ee,6.0,7.0,8.0,9.0,10.0,ee,ee,ee,2.0,ee,ee,ee,ee,ee
ee,ee,ee,ee,ee,ee,ee,ee,ee,ee,ee,ee,ee,ee,ee,ee,ee,ee,ee,ee,ee,ee,ee,ee,ee,ee,ee,ee,ee,ee,ee,e0,ee,ee,ee,ee,ee,ee,e1,ee,ee,ee,ee,ee,acc,ee,ee,ee,ee,ee,ee,ee,ee,ee,ee,ee,ee,ee,ee,ee,ee,ee,ee,ee,ee,ee,ee,ee,ee,ee,ee,ee,ee,ee,ee,ee,ee,ee
ee,ee,ee,ee,ee,ee,ee,ee,ee,ee,ee,ee,ee,ee,ee,ee,ee,ee,ee,ee,ee,ee,ee,ee,s11,s12,s13,s14,s15,s22,ee,e0,ee,ee,ee,s17,s18,ee,e1,ee,s19,s20,s21,ee,r4,ee,23.0,ee,ee,ee,ee,ee,ee,ee,ee,ee,4.0,16.0,ee,ee,ee,3.0,5.0,ee,6.0,7.0,8.0,9.0,10.0,ee,ee,ee,2.0,ee,ee,ee,ee,ee
ee,ee,ee,ee,ee,ee,ee,ee,ee,ee,ee,ee,ee,ee,ee,ee,ee,ee,ee,ee,ee,ee,ee,ee,s11,s12,s13,s14,s15,s22,ee,e0,ee,ee,ee,s17,s18,ee,e1,ee,s19,s20,s21,ee,r4,ee,24.0,ee,ee,ee,ee,ee,ee,ee,ee,ee,4.0,16.0,ee,ee,ee,3.0,5.0,ee,6.0,7.0,8.0,9.0,10.0,ee,ee,ee,2.0,ee,ee,ee,ee,ee
ee,ee,ee,ee,ee,ee,ee,ee,ee,ee,ee,ee,ee,s28,ee,ee,ee,ee,ee,ee,ee,ee,ee,ee,ee,ee,ee,ee,ee,ee,ee,e0,ee,ee,ee,ee,ee,ee,e1,ee,ee,ee,ee,s25,ee,ee,ee,ee,ee,ee,ee,ee,ee,ee,ee,ee,ee,ee,ee,27.0,ee,ee,ee,26.0,ee,ee,ee,ee,ee,ee,ee,ee,ee,ee,ee,ee,ee,ee
ee,ee,ee,ee,ee,ee,ee,ee,ee,ee,ee,ee,ee,ee,ee,ee,ee,ee,ee,ee,ee,ee,ee,ee,r53,r53,r53,r53,r53,r53,ee,e0,ee,ee,ee,r53,r53,ee,r53,ee,r53,r53,r53,ee,r53,ee,ee,ee,ee,ee,ee,ee,ee,ee,ee,ee,ee,ee,ee,ee,ee,ee,ee,ee,ee,ee,ee,ee,ee,ee,ee,ee,ee,ee,ee,ee,ee,ee
ee,ee,ee,ee,ee,ee,ee,ee,ee,ee,ee,ee,ee,ee,ee,ee,ee,ee,ee,ee,ee,ee,ee,ee,r54,r54,r54,r54,r54,r54,ee,e0,ee,ee,ee,r54,r54,ee,r54,ee,r54,r54,r54,ee,r54,ee,ee,ee,ee,ee,ee,ee,ee,ee,ee,ee,ee,ee,ee,ee,ee,ee,ee,ee,ee,ee,ee,ee,ee,ee,ee,ee,ee,ee,ee,ee,ee,ee
ee,ee,ee,ee,ee,ee,ee,ee,ee,ee,ee,ee,ee,ee,ee,ee,ee,ee,ee,ee,ee,ee,ee,ee,r55,r55,r55,r55,r55,r55,ee,e0,ee,ee,ee,r55,r55,ee,r55,ee,r55,r55,r55,ee,r55,ee,ee,ee,ee,ee,ee,ee,ee,ee,ee,ee,ee,ee,ee,ee,ee,ee,ee,ee,ee,ee,ee,ee,ee,ee,ee,ee,ee,ee,ee,ee,ee,ee
ee,ee,ee,ee,ee,ee,ee,ee,ee,ee,ee,ee,ee,ee,ee,ee,ee,ee,ee,ee,ee,ee,ee,ee,r56,r56,r56,r56,r56,r56,ee,e0,ee,ee,ee,r56,r56,ee,r56,ee,r56,r56,r56,ee,r56,ee,ee,ee,ee,ee,ee,ee,ee,ee,ee,ee,ee,ee,ee,ee,ee,ee,ee,ee,ee,ee,ee,ee,ee,ee,ee,ee,ee,ee,ee,ee,ee,ee
ee,ee,ee,ee,ee,ee,ee,ee,ee,ee,ee,ee,ee,ee,ee,ee,ee,ee,ee,ee,ee,ee,ee,ee,r57,r57,r57,r57,r57,r57,ee,e0,ee,ee,ee,r57,r57,ee,r57,ee,r57,r57,r57,ee,r57,ee,ee,ee,ee,ee,ee,ee,ee,ee,ee,ee,ee,ee,ee,ee,ee,ee,ee,ee,ee,ee,ee,ee,ee,ee,ee,ee,ee,ee,ee,ee,ee,ee
ee,ee,ee,ee,ee,ee,ee,ee,ee,ee,ee,ee,ee,ee,ee,ee,ee,ee,ee,ee,ee,ee,ee,ee,r58,r58,r58,r58,r58,r58,ee,e0,ee,ee,ee,r58,r58,ee,r58,ee,r58,r58,r58,ee,r58,ee,ee,ee,ee,ee,ee,ee,ee,ee,ee,ee,ee,ee,ee,ee,ee,ee,ee,ee,ee,ee,ee,ee,ee,ee,ee,ee,ee,ee,ee,ee,ee,ee
ee,ee,ee,ee,ee,ee,ee,ee,ee,ee,ee,ee,ee,r34,ee,ee,ee,ee,ee,ee,ee,ee,ee,ee,ee,ee,ee,ee,ee,ee,ee,e0,ee,ee,ee,ee,ee,ee,e1,ee,ee,ee,ee,r34,ee,ee,ee,ee,ee,ee,ee,ee,ee,ee,ee,ee,ee,ee,ee,ee,ee,ee,ee,ee,ee,ee,ee,ee,ee,ee,ee,ee,ee,ee,ee,ee,ee,ee
ee,ee,ee,ee,ee,ee,ee,ee,ee,ee,ee,ee,ee,r35,ee,ee,ee,ee,ee,ee,ee,ee,ee,ee,ee,ee,ee,ee,ee,ee,ee,e0,ee,ee,ee,ee,ee,ee,e1,ee,ee,ee,ee,r35,ee,ee,ee,ee,ee,ee,ee,ee,ee,ee,ee,ee,ee,ee,ee,ee,ee,ee,ee,ee,ee,ee,ee,ee,ee,ee,ee,ee,ee,ee,ee,ee,ee,ee
ee,ee,ee,ee,ee,ee,ee,ee,ee,ee,ee,ee,ee,r36,ee,ee,ee,ee,ee,ee,ee,ee,ee,ee,ee,ee,ee,ee,ee,ee,ee,e0,ee,ee,ee,ee,ee,ee,e1,ee,ee,ee,ee,r36,ee,ee,ee,ee,ee,ee,ee,ee,ee,ee,ee,ee,ee,ee,ee,ee,ee,ee,ee,ee,ee,ee,ee,ee,ee,ee,ee,ee,ee,ee,ee,ee,ee,ee
ee,ee,ee,ee,ee,ee,ee,ee,ee,ee,ee,ee,ee,r37,ee,ee,ee,ee,ee,ee,ee,ee,ee,ee,ee,ee,ee,ee,ee,ee,ee,e0,ee,ee,ee,ee,ee,ee,e1,ee,ee,ee,ee,r37,ee,ee,ee,ee,ee,ee,ee,ee,ee,ee,ee,ee,ee,ee,ee,ee,ee,ee,ee,ee,ee,ee,ee,ee,ee,ee,ee,ee,ee,ee,ee,ee,ee,ee
ee,ee,ee,ee,ee,ee,ee,ee,ee,ee,ee,ee,ee,r38,ee,ee,ee,ee,ee,ee,ee,ee,ee,ee,ee,ee,ee,ee,ee,ee,ee,e0,ee,ee,ee,ee,ee,ee,e1,ee,ee,ee,ee,r38,ee,ee,ee,ee,ee,ee,ee,ee,ee,ee,ee,ee,ee,ee,ee,ee,ee,ee,ee,ee,ee,ee,ee,ee,ee,ee,ee,ee,ee,ee,ee,ee,ee,ee
ee,ee,ee,ee,ee,ee,ee,ee,ee,ee,ee,ee,ee,r39,ee,ee,ee,ee,ee,ee,ee,ee,ee,ee,ee,ee,ee,ee,ee,ee,ee,e0,ee,ee,ee,ee,ee,ee,e1,ee,ee,ee,ee,r39,ee,ee,ee,ee,ee,ee,ee,ee,ee,ee,ee,ee,ee,ee,ee,ee,ee,ee,ee,ee,ee,ee,ee,ee,ee,ee,ee,ee,ee,ee,ee,ee,ee,ee
ee,ee,ee,ee,ee,ee,ee,ee,ee,ee,ee,ee,ee,s28,ee,ee,ee,ee,ee,ee,ee,ee,ee,ee,ee,ee,ee,ee,ee,ee,ee,e0,ee,ee,ee,ee,ee,ee,e1,ee,ee,ee,ee,ee,ee,ee,ee,ee,ee,ee,ee,ee,ee,ee,ee,ee,ee,ee,ee,29.0,ee,ee,ee,ee,ee,ee,ee,ee,ee,ee,ee,ee,ee,ee,ee,ee,ee,ee
ee,ee,ee,ee,ee,ee,ee,ee,ee,ee,ee,ee,ee,ee,ee,ee,ee,ee,ee,ee,ee,ee,ee,ee,ee,ee,ee,ee,ee,ee,s30,e0,ee,ee,ee,ee,ee,ee,e1,ee,ee,ee,ee,ee,ee,ee,ee,ee,ee,ee,ee,ee,ee,ee,ee,ee,ee,ee,ee,ee,ee,ee,ee,ee,ee,ee,ee,ee,ee,ee,ee,ee,ee,ee,ee,ee,ee,ee
ee,ee,ee,ee,ee,ee,ee,ee,ee,ee,ee,ee,ee,ee,ee,ee,ee,ee,ee,ee,ee,ee,ee,ee,ee,ee,ee,ee,ee,ee,s31,e0,ee,ee,ee,ee,ee,ee,e1,ee,ee,ee,ee,ee,ee,ee,ee,ee,ee,ee,ee,ee,ee,ee,ee,ee,ee,ee,ee,ee,ee,ee,ee,ee,ee,ee,ee,ee,ee,ee,ee,ee,ee,ee,ee,ee,ee,ee
ee,ee,ee,ee,ee,ee,ee,ee,ee,ee,ee,ee,ee,s34,ee,ee,ee,ee,ee,ee,ee,ee,ee,ee,ee,ee,ee,ee,ee,ee,ee,e0,ee,ee,ee,ee,ee,ee,e1,ee,ee,ee,ee,ee,ee,ee,ee,ee,ee,ee,ee,33.0,ee,ee,ee,ee,ee,ee,ee,ee,ee,ee,ee,ee,ee,ee,ee,ee,ee,ee,ee,ee,ee,ee,ee,ee,32.0,ee
ee,s44,ee,ee,ee,ee,ee,ee,ee,ee,ee,ee,ee,s51,s45,s46,s48,s49,s50,s52,s53,s38,ee,ee,ee,ee,ee,ee,ee,ee,s41,e0,s43,ee,ee,ee,ee,ee,e1,ee,ee,ee,ee,ee,ee,ee,ee,ee,ee,ee,ee,33.0,39.0,47.0,ee,ee,ee,ee,ee,40.0,37.0,ee,ee,ee,ee,ee,ee,ee,ee,35.0,36.0,ee,ee,ee,ee,ee,42.0,ee
ee,ee,ee,ee,ee,ee,s54,ee,ee,ee,ee,ee,ee,ee,ee,ee,ee,ee,ee,ee,ee,ee,ee,ee,ee,ee,ee,ee,ee,ee,ee,e0,ee,ee,ee,ee,ee,ee,e1,ee,ee,ee,ee,ee,ee,ee,ee,ee,ee,ee,ee,ee,ee,ee,ee,ee,ee,ee,ee,ee,ee,ee,ee,ee,ee,ee,ee,ee,ee,ee,ee,ee,ee,ee,ee,ee,ee,ee
ee,ee,ee,ee,ee,ee,ee,ee,ee,ee,ee,ee,ee,ee,ee,ee,ee,ee,ee,ee,ee,ee,ee,ee,ee,ee,ee,ee,ee,ee,ee,e0,ee,ee,ee,ee,ee,ee,e1,ee,ee,ee,ee,ee,r2,ee,ee,ee,ee,ee,ee,ee,ee,ee,ee,ee,ee,ee,ee,ee,ee,ee,ee,ee,ee,ee,ee,ee,ee,ee,ee,ee,ee,ee,ee,ee,ee,ee
ee,ee,ee,ee,ee,ee,ee,ee,ee,ee,ee,ee,ee,ee,ee,ee,ee,ee,ee,ee,ee,ee,ee,ee,ee,ee,ee,ee,ee,ee,ee,e0,ee,ee,ee,ee,ee,ee,e1,ee,ee,ee,ee,ee,r3,ee,ee,ee,ee,ee,ee,ee,ee,ee,ee,ee,ee,ee,ee,ee,ee,ee,ee,ee,ee,ee,ee,ee,ee,ee,ee,ee,ee,ee,ee,ee,ee,ee
ee,ee,ee,ee,ee,ee,ee,ee,ee,ee,ee,ee,ee,s34,ee,ee,ee,ee,ee,ee,ee,ee,ee,ee,ee,ee,ee,ee,ee,ee,ee,e0,ee,ee,ee,ee,ee,ee,e1,ee,ee,ee,ee,ee,ee,ee,ee,ee,ee,ee,ee,55.0,ee,ee,ee,ee,ee,ee,ee,ee,ee,ee,ee,ee,ee,ee,ee,ee,ee,ee,ee,ee,ee,ee,ee,ee,ee,ee
ee,ee,ee,ee,ee,ee,ee,ee,ee,ee,ee,ee,ee,ee,ee,ee,ee,ee,ee,ee,ee,ee,ee,ee,ee,ee,ee,ee,ee,ee,ee,e0,ee,s56,ee,ee,ee,ee,e1,ee,ee,ee,ee,ee,ee,ee,ee,ee,ee,ee,ee,ee,ee,ee,ee,ee,ee,ee,ee,ee,ee,ee,ee,ee,ee,ee,ee,ee,ee,ee,ee,ee,ee,ee,ee,ee,ee,ee
ee,ee,ee,ee,ee,ee,ee,ee,ee,ee,ee,ee,ee,ee,ee,ee,ee,ee,ee,ee,ee,ee,ee,s58,ee,ee,ee,ee,ee,ee,ee,e0,ee,r60,s57,ee,ee,ee,e1,ee,ee,ee,ee,ee,ee,ee,ee,ee,ee,ee,ee,ee,ee,ee,ee,ee,ee,ee,ee,ee,ee,ee,ee,ee,ee,ee,ee,ee,ee,ee,ee,ee,ee,ee,ee,ee,ee,ee
ee,ee,ee,ee,ee,ee,ee,ee,ee,ee,ee,ee,ee,ee,ee,ee,ee,ee,ee,ee,ee,r45,ee,r45,ee,ee,ee,ee,ee,ee,ee,e0,ee,r45,r45,ee,ee,ee,e1,ee,ee,ee,ee,ee,ee,ee,ee,ee,ee,ee,ee,ee,ee,ee,ee,ee,ee,ee,ee,ee,ee,ee,ee,ee,ee,ee,ee,ee,ee,ee,ee,ee,ee,ee,ee,ee,ee,ee
ee,ee,ee,ee,ee,ee,ee,ee,ee,ee,ee,ee,ee,ee,ee,ee,ee,ee,ee,ee,ee,s59,ee,ee,ee,ee,ee,ee,ee,ee,ee,e0,ee,ee,s60,ee,ee,ee,e1,ee,ee,ee,ee,ee,ee,ee,ee,ee,ee,ee,ee,ee,ee,ee,ee,ee,ee,ee,ee,ee,ee,ee,ee,ee,ee,ee,ee,ee,ee,ee,ee,ee,ee,ee,ee,ee,ee,ee
ee,s44,ee,ee,ee,ee,ee,ee,ee,ee,ee,ee,ee,s51,s45,s46,s48,s49,s50,s52,s53,ee,ee,ee,ee,ee,ee,ee,ee,ee,s41,e0,s43,ee,ee,ee,ee,ee,e1,ee,ee,ee,ee,ee,ee,ee,ee,ee,ee,ee,ee,33.0,39.0,47.0,ee,ee,ee,ee,ee,40.0,37.0,ee,ee,ee,ee,ee,ee,ee,ee,61.0,ee,ee,ee,ee,ee,ee,42.0,ee
ee,s44,ee,ee,ee,ee,ee,ee,ee,ee,ee,ee,ee,s51,s45,s46,s48,s49,s50,s52,s53,ee,ee,ee,ee,ee,ee,ee,ee,ee,s41,e0,s43,ee,ee,ee,ee,ee,e1,ee,ee,ee,ee,ee,ee,ee,ee,ee,ee,ee,ee,33.0,39.0,47.0,ee,ee,ee,ee,ee,40.0,37.0,ee,ee,ee,ee,ee,ee,ee,ee,62.0,ee,ee,ee,ee,ee,ee,42.0,ee
ee,ee,ee,ee,ee,ee,ee,ee,ee,ee,ee,ee,ee,ee,ee,ee,ee,ee,ee,ee,ee,ee,ee,ee,ee,ee,ee,ee,ee,ee,ee,e0,ee,s63,ee,ee,ee,ee,e1,ee,ee,ee,ee,ee,ee,ee,ee,ee,ee,ee,ee,ee,ee,ee,ee,ee,ee,ee,ee,ee,ee,ee,ee,ee,ee,ee,ee,ee,ee,ee,ee,ee,ee,ee,ee,ee,ee,ee
ee,ee,ee,ee,ee,ee,ee,ee,ee,ee,ee,ee,ee,ee,ee,ee,ee,ee,ee,ee,ee,ee,ee,ee,ee,ee,ee,ee,ee,ee,s64,e0,ee,ee,ee,ee,ee,ee,e1,ee,ee,ee,ee,ee,ee,ee,ee,ee,ee,ee,ee,ee,ee,ee,ee,ee,ee,ee,ee,ee,ee,ee,ee,ee,ee,ee,ee,ee,ee,ee,ee,ee,ee,ee,ee,ee,ee,ee
ee,ee,ee,ee,ee,ee,ee,ee,ee,ee,ee,ee,ee,ee,ee,ee,ee,ee,ee,ee,ee,ee,ee,ee,ee,ee,ee,ee,ee,ee,r19,e0,ee,ee,ee,ee,ee,ee,e1,ee,ee,ee,ee,ee,ee,ee,ee,ee,ee,ee,ee,ee,ee,ee,ee,ee,ee,ee,ee,ee,ee,ee,ee,ee,ee,ee,ee,ee,ee,ee,ee,ee,ee,ee,ee,ee,ee,ee
ee,ee,ee,ee,ee,ee,ee,ee,ee,ee,ee,ee,ee,ee,ee,ee,ee,ee,ee,ee,ee,ee,ee,ee,ee,ee,ee,ee,ee,ee,ee,e0,ee,s65,ee,ee,ee,ee,e1,ee,ee,ee,ee,ee,ee,ee,ee,ee,ee,ee,ee,ee,ee,ee,ee,ee,ee,ee,ee,ee,ee,ee,ee,ee,ee,ee,ee,ee,ee,ee,ee,ee,ee,ee,ee,ee,ee,ee
ee,ee,ee,ee,ee,ee,ee,ee,ee,ee,ee,ee,ee,ee,ee,ee,ee,ee,ee,ee,ee,ee,ee,ee,ee,ee,ee,ee,ee,ee,ee,e0,ee,s66,ee,ee,ee,ee,e1,ee,ee,ee,ee,ee,ee,ee,ee,ee,ee,ee,ee,ee,ee,ee,ee,ee,ee,ee,ee,ee,ee,ee,ee,ee,ee,ee,ee,ee,ee,ee,ee,ee,ee,ee,ee,ee,ee,ee
s77,s78,s79,s80,s81,s71,s72,s73,s74,s75,s76,s82,s83,ee,ee,ee,ee,ee,ee,ee,ee,ee,r80,r80,ee,ee,ee,ee,ee,ee,ee,r80,ee,r80,ee,ee,ee,ee,e1,ee,ee,ee,ee,ee,ee,ee,ee,69.0,68.0,70.0,67.0,ee,ee,ee,ee,ee,ee,ee,ee,ee,ee,ee,ee,ee,ee,ee,ee,ee,ee,ee,ee,ee,ee,ee,ee,ee,ee,ee
ee,s44,ee,ee,ee,ee,ee,ee,ee,ee,ee,ee,ee,s51,s45,s46,s48,s49,s50,s52,s53,ee,ee,ee,ee,ee,ee,ee,ee,ee,s41,e0,s43,ee,ee,ee,ee,ee,e1,ee,ee,ee,ee,ee,ee,ee,ee,ee,ee,ee,ee,33.0,39.0,47.0,ee,ee,ee,ee,ee,40.0,37.0,ee,ee,ee,ee,ee,ee,ee,ee,84.0,ee,ee,ee,ee,ee,ee,42.0,ee
r46,r46,r46,r46,r46,r46,r46,r46,r46,r46,r46,r46,r46,ee,ee,ee,ee,ee,ee,ee,ee,ee,r46,r46,ee,ee,ee,ee,ee,ee,ee,r46,ee,r46,ee,ee,ee,ee,e1,ee,ee,ee,ee,ee,ee,ee,ee,ee,ee,ee,ee,ee,ee,ee,ee,ee,ee,ee,ee,ee,ee,ee,ee,ee,ee,ee,ee,ee,ee,ee,ee,ee,ee,ee,ee,ee,ee,ee
r47,r47,r47,r47,r47,r47,r47,r47,r47,r47,r47,r47,r47,ee,ee,ee,ee,ee,ee,ee,ee,s85,r47,r47,ee,ee,ee,ee,ee,ee,ee,r47,ee,r47,ee,ee,ee,ee,e1,ee,ee,ee,ee,ee,ee,ee,ee,ee,ee,ee,ee,ee,ee,ee,ee,ee,ee,ee,ee,ee,ee,ee,ee,ee,ee,ee,ee,ee,ee,ee,ee,ee,ee,ee,ee,ee,ee,ee
ee,s44,ee,ee,ee,ee,ee,ee,ee,ee,ee,ee,ee,s51,s45,s46,s48,s49,s50,s52,s53,ee,ee,ee,ee,ee,ee,ee,ee,ee,s41,e0,s43,ee,ee,ee,ee,ee,e1,ee,ee,ee,ee,ee,ee,ee,ee,ee,ee,ee,ee,33.0,39.0,47.0,ee,ee,ee,ee,ee,40.0,37.0,ee,ee,ee,ee,ee,ee,ee,ee,86.0,ee,ee,ee,ee,ee,ee,42.0,ee
r50,r50,r50,r50,r50,r50,r50,r50,r50,r50,r50,r50,r50,ee,ee,ee,ee,ee,ee,ee,ee,ee,r50,r50,ee,ee,ee,ee,ee,ee,ee,r50,ee,r50,ee,ee,ee,ee,e1,ee,ee,ee,ee,ee,ee,ee,ee,ee,ee,ee,ee,ee,ee,ee,ee,ee,ee,ee,ee,ee,ee,ee,ee,ee,ee,ee,ee,ee,ee,ee,ee,ee,ee,ee,ee,ee,ee,ee
ee,s44,ee,ee,ee,ee,ee,ee,ee,ee,ee,ee,ee,s51,s45,s46,s48,s49,s50,s52,s53,ee,ee,ee,ee,ee,ee,ee,ee,ee,s41,e0,s43,ee,ee,ee,ee,ee,e1,ee,ee,ee,ee,ee,ee,ee,ee,ee,ee,ee,ee,33.0,39.0,47.0,ee,ee,ee,ee,ee,40.0,87.0,ee,ee,ee,ee,ee,ee,ee,ee,ee,ee,ee,ee,ee,ee,ee,42.0,ee
ee,s44,ee,ee,ee,ee,ee,ee,ee,ee,ee,ee,ee,s51,s45,s46,s48,s49,s50,s52,s53,ee,ee,ee,ee,ee,ee,ee,ee,ee,s41,e0,s43,ee,ee,ee,ee,ee,e1,ee,ee,ee,ee,ee,ee,ee,ee,ee,ee,ee,ee,33.0,39.0,47.0,ee,ee,ee,ee,ee,40.0,88.0,ee,ee,ee,ee,ee,ee,ee,ee,ee,ee,ee,ee,ee,ee,ee,42.0,ee
r21,r21,r21,r21,r21,r21,r21,r21,r21,r21,r21,r21,r21,ee,ee,ee,ee,ee,ee,ee,ee,ee,r21,r21,ee,ee,ee,ee,ee,ee,ee,r21,ee,r21,ee,ee,ee,ee,e1,ee,ee,ee,ee,ee,ee,ee,ee,ee,ee,ee,ee,ee,ee,ee,ee,ee,ee,ee,ee,ee,ee,ee,ee,ee,ee,ee,ee,ee,ee,ee,ee,ee,ee,ee,ee,ee,ee,ee
r22,r22,r22,r22,r22,r22,r22,r22,r22,r22,r22,r22,r22,ee,ee,ee,ee,ee,ee,ee,ee,ee,r22,r22,ee,ee,ee,ee,ee,ee,ee,r22,ee,r22,ee,ee,ee,ee,e1,ee,ee,ee,ee,ee,ee,ee,ee,ee,ee,ee,ee,ee,ee,ee,ee,ee,ee,ee,ee,ee,ee,ee,ee,ee,ee,ee,ee,ee,ee,ee,ee,ee,ee,ee,ee,ee,ee,ee
r23,r23,r23,r23,r23,r23,r23,r23,r23,r23,r23,r23,r23,ee,ee,ee,ee,ee,ee,ee,ee,ee,r23,r23,ee,ee,ee,ee,ee,ee,ee,r23,ee,r23,ee,ee,ee,ee,e1,ee,ee,ee,ee,ee,ee,ee,ee,ee,ee,ee,ee,ee,ee,ee,ee,ee,ee,ee,ee,ee,ee,ee,ee,ee,ee,ee,ee,ee,ee,ee,ee,ee,ee,ee,ee,ee,ee,ee
r24,r24,r24,r24,r24,r24,r24,r24,r24,r24,r24,r24,r24,ee,ee,ee,ee,ee,ee,ee,ee,ee,r24,r24,ee,ee,ee,ee,ee,ee,ee,r24,ee,r24,ee,ee,ee,ee,e1,ee,ee,ee,ee,ee,ee,ee,ee,ee,ee,ee,ee,ee,ee,ee,ee,ee,ee,ee,ee,ee,ee,ee,ee,ee,ee,ee,ee,ee,ee,ee,ee,ee,ee,ee,ee,ee,ee,ee
r25,r25,r25,r25,r25,r25,r25,r25,r25,r25,r25,r25,r25,ee,ee,ee,ee,ee,ee,ee,ee,ee,r25,r25,ee,ee,ee,ee,ee,ee,ee,r25,ee,r25,ee,ee,ee,ee,e1,ee,ee,ee,ee,ee,ee,ee,ee,ee,ee,ee,ee,ee,ee,ee,ee,ee,ee,ee,ee,ee,ee,ee,ee,ee,ee,ee,ee,ee,ee,ee,ee,ee,ee,ee,ee,ee,ee,ee
r26,r26,r26,r26,r26,r26,r26,r26,r26,r26,r26,r26,r26,ee,ee,ee,ee,ee,ee,ee,ee,ee,r26,r26,ee,ee,ee,ee,ee,ee,ee,r26,ee,r26,ee,ee,ee,ee,e1,ee,ee,ee,ee,ee,ee,ee,ee,ee,ee,ee,ee,ee,ee,ee,ee,ee,ee,ee,ee,ee,ee,ee,ee,ee,ee,ee,ee,ee,ee,ee,ee,ee,ee,ee,ee,ee,ee,ee
r45,r45,r45,r45,r45,r45,r45,r45,r45,r45,r45,r45,r45,ee,ee,ee,ee,ee,ee,ee,ee,r45,r45,r45,ee,ee,ee,ee,ee,ee,r19,r45,ee,r45,ee,ee,ee,ee,e1,ee,ee,ee,ee,ee,ee,ee,ee,ee,ee,ee,ee,ee,ee,ee,ee,ee,ee,ee,ee,ee,ee,ee,ee,ee,ee,ee,ee,ee,ee,ee,ee,ee,ee,ee,ee,ee,ee,ee
r27,r27,r27,r27,r27,r27,r27,r27,r27,r27,r27,r27,r27,ee,ee,ee,ee,ee,ee,ee,ee,ee,r27,r27,ee,ee,ee,ee,ee,ee,ee,r27,ee,r27,ee,ee,ee,ee,e1,ee,ee,ee,ee,ee,ee,ee,ee,ee,ee,ee,ee,ee,ee,ee,ee,ee,ee,ee,ee,ee,ee,ee,ee,ee,ee,ee,ee,ee,ee,ee,ee,ee,ee,ee,ee,ee,ee,ee
r28,r28,r28,r28,r28,r28,r28,r28,r28,r28,r28,r28,r28,ee,ee,ee,ee,ee,ee,ee,ee,ee,r28,r28,ee,ee,ee,ee,ee,ee,ee,r28,ee,r28,ee,ee,ee,ee,e1,ee,ee,ee,ee,ee,ee,ee,ee,ee,ee,ee,ee,ee,ee,ee,ee,ee,ee,ee,ee,ee,ee,ee,ee,ee,ee,ee,ee,ee,ee,ee,ee,ee,ee,ee,ee,ee,ee,ee
ee,ee,ee,ee,ee,ee,ee,ee,ee,ee,ee,ee,ee,ee,ee,ee,ee,ee,ee,ee,ee,ee,ee,ee,s93,s90,s91,s92,ee,ee,ee,e0,ee,ee,ee,ee,ee,ee,e1,ee,ee,ee,ee,ee,ee,ee,ee,ee,ee,ee,ee,ee,ee,ee,ee,ee,ee,ee,89.0,ee,ee,ee,ee,ee,ee,ee,ee,ee,ee,ee,ee,ee,ee,ee,ee,ee,ee,ee
ee,ee,ee,ee,ee,ee,ee,ee,ee,ee,ee,ee,ee,ee,ee,ee,ee,ee,ee,ee,ee,ee,ee,ee,ee,ee,ee,ee,ee,ee,s94,e0,ee,ee,ee,ee,ee,ee,e1,ee,ee,ee,ee,ee,ee,ee,ee,ee,ee,ee,ee,ee,ee,ee,ee,ee,ee,ee,ee,ee,ee,ee,ee,ee,ee,ee,ee,ee,ee,ee,ee,ee,ee,ee,ee,ee,ee,ee
ee,ee,ee,ee,ee,ee,ee,ee,ee,ee,ee,ee,ee,ee,ee,ee,ee,ee,ee,ee,ee,ee,ee,ee,r59,r59,r59,r59,r59,r59,ee,e0,ee,ee,ee,r59,r59,ee,r59,ee,r59,r59,r59,ee,r59,ee,ee,ee,ee,ee,ee,ee,ee,ee,ee,ee,ee,ee,ee,ee,ee,ee,ee,ee,ee,ee,ee,ee,ee,ee,ee,ee,ee,ee,ee,ee,ee,ee
ee,s44,ee,ee,ee,ee,ee,ee,ee,ee,ee,ee,ee,s51,s45,s46,s48,s49,s50,s52,s53,ee,ee,ee,ee,ee,ee,ee,ee,ee,s41,e0,s43,ee,ee,ee,ee,ee,e1,ee,ee,ee,ee,ee,ee,ee,ee,ee,ee,ee,ee,33.0,39.0,47.0,ee,ee,ee,ee,ee,40.0,37.0,ee,ee,ee,ee,ee,ee,ee,ee,95.0,ee,ee,ee,ee,ee,ee,42.0,ee
ee,ee,ee,ee,ee,ee,ee,ee,ee,ee,ee,ee,ee,s28,ee,ee,ee,ee,ee,ee,ee,ee,ee,ee,ee,ee,ee,ee,ee,ee,ee,e0,ee,ee,ee,ee,ee,ee,e1,ee,ee,ee,ee,ee,ee,ee,ee,ee,ee,ee,ee,ee,ee,ee,ee,ee,ee,ee,ee,27.0,ee,ee,ee,96.0,ee,ee,ee,ee,ee,ee,ee,ee,ee,ee,ee,ee,ee,ee
ee,s44,ee,ee,ee,ee,ee,ee,ee,ee,ee,ee,ee,s51,s45,s46,s48,s49,s50,s52,s53,ee,ee,ee,ee,ee,ee,ee,ee,ee,s41,e0,s43,ee,ee,ee,ee,ee,e1,ee,ee,ee,ee,ee,ee,ee,ee,ee,ee,ee,ee,33.0,39.0,47.0,ee,ee,ee,ee,ee,40.0,37.0,ee,ee,ee,ee,ee,ee,ee,ee,97.0,ee,ee,ee,ee,ee,ee,42.0,ee
ee,s44,ee,ee,ee,ee,ee,ee,ee,ee,ee,ee,ee,s51,s45,s46,s48,s49,s50,s52,s53,s38,ee,ee,ee,ee,ee,ee,ee,ee,s41,e0,s43,ee,ee,ee,ee,ee,e1,ee,ee,ee,ee,ee,ee,ee,ee,ee,ee,ee,ee,33.0,39.0,47.0,ee,ee,ee,ee,ee,40.0,37.0,ee,ee,ee,ee,ee,ee,ee,ee,98.0,99.0,ee,ee,ee,ee,ee,42.0,ee
ee,ee,ee,ee,ee,ee,ee,ee,ee,ee,ee,ee,ee,ee,ee,ee,ee,ee,ee,ee,ee,ee,ee,ee,ee,ee,ee,ee,ee,ee,ee,s100,ee,ee,ee,ee,ee,ee,e1,ee,ee,ee,ee,ee,ee,ee,ee,ee,ee,ee,ee,ee,ee,ee,ee,ee,ee,ee,ee,ee,ee,ee,ee,ee,ee,ee,ee,ee,ee,ee,ee,ee,ee,ee,ee,ee,ee,ee
ee,ee,ee,ee,ee,ee,ee,ee,ee,ee,ee,ee,ee,ee,ee,ee,ee,ee,ee,ee,ee,ee,ee,ee,ee,ee,ee,ee,ee,ee,ee,s101,ee,ee,ee,ee,ee,ee,e1,ee,ee,ee,ee,ee,ee,ee,ee,ee,ee,ee,ee,ee,ee,ee,ee,ee,ee,ee,ee,ee,ee,ee,ee,ee,ee,ee,ee,ee,ee,ee,ee,ee,ee,ee,ee,ee,ee,ee
ee,ee,ee,ee,ee,ee,ee,ee,ee,ee,ee,ee,ee,ee,ee,ee,ee,ee,ee,ee,ee,ee,ee,ee,r75,r75,r75,r75,r75,r75,ee,e0,ee,ee,ee,r75,r75,ee,r75,ee,r75,r75,r75,ee,r75,ee,ee,ee,ee,ee,ee,ee,ee,ee,ee,ee,ee,ee,ee,ee,ee,ee,ee,ee,ee,ee,ee,ee,ee,ee,ee,ee,ee,ee,ee,ee,ee,ee
ee,s44,ee,ee,ee,ee,ee,ee,ee,ee,ee,ee,ee,s51,s45,s46,s48,s49,s50,s52,s53,ee,ee,ee,ee,ee,ee,ee,ee,ee,s41,s102,s43,ee,ee,ee,ee,ee,e1,ee,ee,ee,ee,ee,ee,ee,ee,ee,ee,ee,ee,33.0,39.0,47.0,ee,ee,ee,ee,ee,40.0,103.0,ee,ee,ee,ee,ee,ee,ee,ee,ee,ee,ee,ee,ee,ee,ee,42.0,ee
ee,ee,ee,ee,ee,ee,ee,ee,ee,ee,ee,ee,ee,ee,ee,ee,ee,ee,ee,ee,ee,ee,ee,ee,r76,r76,r76,r76,r76,r76,ee,e0,ee,ee,ee,r76,r76,ee,r76,ee,r76,r76,r76,ee,r76,ee,ee,ee,ee,ee,ee,ee,ee,ee,ee,ee,ee,ee,ee,ee,ee,ee,ee,ee,ee,ee,ee,ee,ee,ee,ee,ee,ee,ee,ee,ee,ee,ee
ee,ee,ee,ee,ee,ee,ee,ee,ee,ee,ee,ee,ee,ee,ee,ee,ee,ee,ee,ee,ee,ee,ee,ee,r77,r77,r77,r77,r77,r77,ee,e0,ee,ee,ee,r77,r77,ee,r77,ee,r77,r77,r77,ee,r77,ee,ee,ee,ee,ee,ee,ee,ee,ee,ee,ee,ee,ee,ee,ee,ee,ee,ee,ee,ee,ee,ee,ee,ee,ee,ee,ee,ee,ee,ee,ee,ee,ee
ee,s44,ee,ee,ee,ee,ee,ee,ee,ee,ee,ee,ee,s51,s45,s46,s48,s49,s50,s52,s53,ee,ee,ee,ee,ee,ee,ee,ee,ee,s41,e0,s43,ee,ee,ee,ee,ee,e1,ee,ee,ee,ee,ee,ee,ee,ee,ee,ee,ee,ee,33.0,39.0,47.0,ee,ee,ee,ee,ee,40.0,37.0,ee,ee,ee,ee,ee,ee,ee,ee,104.0,ee,ee,ee,ee,ee,ee,42.0,ee
ee,s44,ee,ee,ee,ee,ee,ee,ee,ee,ee,ee,ee,s51,s45,s46,s48,s49,s50,s52,s53,ee,ee,ee,ee,ee,ee,ee,ee,ee,s41,e0,s43,ee,ee,ee,ee,ee,e1,ee,ee,ee,ee,ee,ee,ee,ee,ee,ee,ee,ee,33.0,39.0,47.0,ee,ee,ee,ee,ee,40.0,37.0,ee,ee,ee,ee,ee,ee,ee,ee,105.0,ee,ee,ee,ee,ee,ee,42.0,ee
ee,r18,ee,ee,ee,ee,ee,ee,ee,ee,ee,ee,ee,r18,r18,r18,r18,r18,r18,r18,r18,ee,ee,ee,ee,ee,ee,ee,ee,ee,r18,e0,r18,ee,ee,ee,ee,ee,e1,ee,ee,ee,ee,ee,ee,ee,ee,ee,ee,ee,ee,ee,ee,ee,ee,ee,ee,ee,ee,ee,ee,ee,ee,ee,ee,ee,ee,ee,ee,ee,ee,ee,ee,ee,ee,ee,ee,ee
ee,r20,ee,ee,ee,ee,ee,ee,ee,ee,ee,ee,ee,r20,r20,r20,r20,r20,r20,r20,r20,ee,ee,ee,ee,ee,ee,ee,ee,ee,r20,e0,r20,ee,ee,ee,ee,ee,e1,ee,ee,ee,ee,ee,ee,ee,ee,ee,ee,ee,ee,ee,ee,ee,ee,ee,ee,ee,ee,ee,ee,ee,ee,ee,ee,ee,ee,ee,ee,ee,ee,ee,ee,ee,ee,ee,ee,ee
ee,r10,ee,ee,ee,ee,ee,ee,ee,ee,ee,ee,ee,r10,r10,r10,r10,r10,r10,r10,r10,ee,ee,ee,ee,ee,ee,ee,ee,ee,r10,e0,r10,ee,ee,ee,ee,ee,e1,ee,ee,ee,ee,ee,ee,ee,ee,ee,ee,ee,ee,ee,ee,ee,ee,ee,ee,ee,ee,ee,ee,ee,ee,ee,ee,ee,ee,ee,ee,ee,ee,ee,ee,ee,ee,ee,ee,ee
ee,r11,ee,ee,ee,ee,ee,ee,ee,ee,ee,ee,ee,r11,r11,r11,r11,r11,r11,r11,r11,ee,ee,ee,ee,ee,ee,ee,ee,ee,r11,e0,r11,ee,ee,ee,ee,ee,e1,ee,ee,ee,ee,ee,ee,ee,ee,ee,ee,ee,ee,ee,ee,ee,ee,ee,ee,ee,ee,ee,ee,ee,ee,ee,ee,ee,ee,ee,ee,ee,ee,ee,ee,ee,ee,ee,ee,ee
ee,r12,ee,ee,ee,ee,ee,ee,ee,ee,ee,ee,ee,r12,r12,r12,r12,r12,r12,r12,r12,ee,ee,ee,ee,ee,ee,ee,ee,ee,r12,e0,r12,ee,ee,ee,ee,ee,e1,ee,ee,ee,ee,ee,ee,ee,ee,ee,ee,ee,ee,ee,ee,ee,ee,ee,ee,ee,ee,ee,ee,ee,ee,ee,ee,ee,ee,ee,ee,ee,ee,ee,ee,ee,ee,ee,ee,ee
ee,r13,ee,ee,ee,ee,ee,ee,ee,ee,ee,ee,ee,r13,r13,r13,r13,r13,r13,r13,r13,ee,ee,ee,ee,ee,ee,ee,ee,ee,r13,e0,r13,ee,ee,ee,ee,ee,e1,ee,ee,ee,ee,ee,ee,ee,ee,ee,ee,ee,ee,ee,ee,ee,ee,ee,ee,ee,ee,ee,ee,ee,ee,ee,ee,ee,ee,ee,ee,ee,ee,ee,ee,ee,ee,ee,ee,ee
ee,r14,ee,ee,ee,ee,ee,ee,ee,ee,ee,ee,ee,r14,r14,r14,r14,r14,r14,r14,r14,ee,ee,ee,ee,ee,ee,ee,ee,ee,r14,e0,r14,ee,ee,ee,ee,ee,e1,ee,ee,ee,ee,ee,ee,ee,ee,ee,ee,ee,ee,ee,ee,ee,ee,ee,ee,ee,ee,ee,ee,ee,ee,ee,ee,ee,ee,ee,ee,ee,ee,ee,ee,ee,ee,ee,ee,ee
ee,r15,ee,ee,ee,ee,ee,ee,ee,ee,ee,ee,ee,r15,r15,r15,r15,r15,r15,r15,r15,ee,ee,ee,ee,ee,ee,ee,ee,ee,r15,e0,r15,ee,ee,ee,ee,ee,e1,ee,ee,ee,ee,ee,ee,ee,ee,ee,ee,ee,ee,ee,ee,ee,ee,ee,ee,ee,ee,ee,ee,ee,ee,ee,ee,ee,ee,ee,ee,ee,ee,ee,ee,ee,ee,ee,ee,ee
ee,r5,ee,ee,ee,ee,ee,ee,ee,ee,ee,ee,ee,r5,r5,r5,r5,r5,r5,r5,r5,ee,ee,ee,ee,ee,ee,ee,ee,ee,r5,e0,r5,ee,ee,ee,ee,ee,e1,ee,ee,ee,ee,ee,ee,ee,ee,ee,ee,ee,ee,ee,ee,ee,ee,ee,ee,ee,ee,ee,ee,ee,ee,ee,ee,ee,ee,ee,ee,ee,ee,ee,ee,ee,ee,ee,ee,ee
ee,r6,ee,ee,ee,ee,ee,ee,ee,ee,ee,ee,ee,r6,r6,r6,r6,r6,r6,r6,r6,ee,ee,ee,ee,ee,ee,ee,ee,ee,r6,e0,r6,ee,ee,ee,ee,ee,e1,ee,ee,ee,ee,ee,ee,ee,ee,ee,ee,ee,ee,ee,ee,ee,ee,ee,ee,ee,ee,ee,ee,ee,ee,ee,ee,ee,ee,ee,ee,ee,ee,ee,ee,ee,ee,ee,ee,ee
ee,r7,ee,ee,ee,ee,ee,ee,ee,ee,ee,ee,ee,r7,r7,r7,r7,r7,r7,r7,r7,ee,ee,ee,ee,ee,ee,ee,ee,ee,r7,e0,r7,ee,ee,ee,ee,ee,e1,ee,ee,ee,ee,ee,ee,ee,ee,ee,ee,ee,ee,ee,ee,ee,ee,ee,ee,ee,ee,ee,ee,ee,ee,ee,ee,ee,ee,ee,ee,ee,ee,ee,ee,ee,ee,ee,ee,ee
ee,r8,ee,ee,ee,ee,ee,ee,ee,ee,ee,ee,ee,r8,r8,r8,r8,r8,r8,r8,r8,ee,ee,ee,ee,ee,ee,ee,ee,ee,r8,e0,r8,ee,ee,ee,ee,ee,e1,ee,ee,ee,ee,ee,ee,ee,ee,ee,ee,ee,ee,ee,ee,ee,ee,ee,ee,ee,ee,ee,ee,ee,ee,ee,ee,ee,ee,ee,ee,ee,ee,ee,ee,ee,ee,ee,ee,ee
ee,r9,ee,ee,ee,ee,ee,ee,ee,ee,ee,ee,ee,r9,r9,r9,r9,r9,r9,r9,r9,ee,ee,ee,ee,ee,ee,ee,ee,ee,r9,e0,r9,ee,ee,ee,ee,ee,e1,ee,ee,ee,ee,ee,ee,ee,ee,ee,ee,ee,ee,ee,ee,ee,ee,ee,ee,ee,ee,ee,ee,ee,ee,ee,ee,ee,ee,ee,ee,ee,ee,ee,ee,ee,ee,ee,ee,ee
ee,r16,ee,ee,ee,ee,ee,ee,ee,ee,ee,ee,ee,r16,r16,r16,r16,r16,r16,r16,r16,ee,ee,ee,ee,ee,ee,ee,ee,ee,r16,e0,r16,ee,ee,ee,ee,ee,e1,ee,ee,ee,ee,ee,ee,ee,ee,ee,ee,ee,ee,ee,ee,ee,ee,ee,ee,ee,ee,ee,ee,ee,ee,ee,ee,ee,ee,ee,ee,ee,ee,ee,ee,ee,ee,ee,ee,ee
ee,r17,ee,ee,ee,ee,ee,ee,ee,ee,ee,ee,ee,r17,r17,r17,r17,r17,r17,r17,r17,ee,ee,ee,ee,ee,ee,ee,ee,ee,r17,e0,r17,ee,ee,ee,ee,ee,e1,ee,ee,ee,ee,ee,ee,ee,ee,ee,ee,ee,ee,ee,ee,ee,ee,ee,ee,ee,ee,ee,ee,ee,ee,ee,ee,ee,ee,ee,ee,ee,ee,ee,ee,ee,ee,ee,ee,ee
ee,ee,ee,ee,ee,ee,ee,ee,ee,ee,ee,ee,ee,ee,ee,ee,ee,ee,ee,ee,ee,ee,s106,s108,ee,ee,ee,ee,ee,ee,ee,e0,ee,ee,ee,ee,ee,ee,e1,ee,ee,ee,ee,ee,ee,ee,ee,ee,ee,ee,ee,ee,ee,ee,ee,ee,ee,ee,ee,ee,ee,ee,ee,ee,ee,ee,ee,ee,ee,ee,ee,107.0,ee,ee,ee,ee,ee,ee
ee,s44,ee,ee,ee,ee,ee,ee,ee,ee,ee,ee,ee,s51,s45,s46,s48,s49,s50,s52,s53,ee,ee,ee,ee,ee,ee,ee,ee,ee,s41,e0,s43,ee,ee,ee,ee,ee,e1,ee,ee,ee,ee,ee,ee,ee,ee,ee,ee,ee,ee,33.0,39.0,47.0,ee,ee,ee,ee,ee,40.0,37.0,ee,ee,ee,ee,ee,ee,ee,ee,109.0,ee,ee,ee,ee,ee,ee,42.0,ee
ee,ee,ee,ee,ee,ee,ee,ee,ee,ee,ee,ee,ee,ee,ee,ee,ee,ee,ee,ee,ee,ee,ee,ee,ee,ee,ee,ee,ee,ee,ee,s110,ee,ee,ee,ee,ee,ee,e1,ee,ee,ee,ee,ee,ee,ee,ee,ee,ee,ee,ee,ee,ee,ee,ee,ee,ee,ee,ee,ee,ee,ee,ee,ee,ee,ee,ee,ee,ee,ee,ee,ee,ee,ee,ee,ee,ee,ee
r51,r51,r51,r51,r51,r51,r51,r51,r51,r51,r51,r51,r51,ee,ee,ee,ee,ee,ee,ee,ee,ee,r51,r51,ee,ee,ee,ee,ee,ee,ee,r51,ee,r51,ee,ee,ee,ee,e1,ee,ee,ee,ee,ee,ee,ee,ee,ee,ee,ee,ee,ee,ee,ee,ee,ee,ee,ee,ee,ee,ee,ee,ee,ee,ee,ee,ee,ee,ee,ee,ee,ee,ee,ee,ee,ee,ee,ee
r52,r52,r52,r52,r52,r52,r52,r52,r52,r52,r52,r52,r52,ee,ee,ee,ee,ee,ee,ee,ee,ee,r52,r52,ee,ee,ee,ee,ee,ee,ee,r52,ee,r52,ee,ee,ee,ee,e1,ee,ee,ee,ee,ee,ee,ee,ee,ee,ee,ee,ee,ee,ee,ee,ee,ee,ee,ee,ee,ee,ee,ee,ee,ee,ee,ee,ee,ee,ee,ee,ee,ee,ee,ee,ee,ee,ee,ee
ee,ee,ee,ee,ee,s111,ee,ee,ee,ee,ee,ee,ee,ee,ee,ee,ee,ee,ee,ee,ee,ee,ee,ee,ee,ee,ee,ee,ee,ee,ee,e0,ee,ee,ee,ee,ee,ee,e1,ee,ee,ee,ee,ee,ee,ee,ee,ee,ee,ee,ee,ee,ee,ee,ee,ee,ee,ee,ee,ee,ee,ee,ee,ee,ee,ee,ee,ee,ee,ee,ee,ee,ee,ee,ee,ee,ee,ee
ee,ee,ee,ee,ee,r41,ee,ee,ee,ee,ee,ee,ee,ee,ee,ee,ee,ee,ee,ee,ee,ee,ee,ee,ee,ee,ee,ee,ee,ee,ee,e0,ee,ee,ee,ee,ee,ee,e1,ee,ee,ee,ee,ee,ee,ee,ee,ee,ee,ee,ee,ee,ee,ee,ee,ee,ee,ee,ee,ee,ee,ee,ee,ee,ee,ee,ee,ee,ee,ee,ee,ee,ee,ee,ee,ee,ee,ee
ee,ee,ee,ee,ee,r42,ee,ee,ee,ee,ee,ee,ee,ee,ee,ee,ee,ee,ee,ee,ee,ee,ee,ee,ee,ee,ee,ee,ee,ee,ee,e0,ee,ee,ee,ee,ee,ee,e1,ee,ee,ee,ee,ee,ee,ee,ee,ee,ee,ee,ee,ee,ee,ee,ee,ee,ee,ee,ee,ee,ee,ee,ee,ee,ee,ee,ee,ee,ee,ee,ee,ee,ee,ee,ee,ee,ee,ee
ee,ee,ee,ee,ee,r43,ee,ee,ee,ee,ee,ee,ee,ee,ee,ee,ee,ee,ee,ee,ee,ee,ee,ee,ee,ee,ee,ee,ee,ee,ee,e0,ee,ee,ee,ee,ee,ee,e1,ee,ee,ee,ee,ee,ee,ee,ee,ee,ee,ee,ee,ee,ee,ee,ee,ee,ee,ee,ee,ee,ee,ee,ee,ee,ee,ee,ee,ee,ee,ee,ee,ee,ee,ee,ee,ee,ee,ee
ee,ee,ee,ee,ee,r44,ee,ee,ee,ee,ee,ee,ee,ee,ee,ee,ee,ee,ee,ee,ee,ee,ee,ee,ee,ee,ee,ee,ee,ee,ee,e0,ee,ee,ee,ee,ee,ee,e1,ee,ee,ee,ee,ee,ee,ee,ee,ee,ee,ee,ee,ee,ee,ee,ee,ee,ee,ee,ee,ee,ee,ee,ee,ee,ee,ee,ee,ee,ee,ee,ee,ee,ee,ee,ee,ee,ee,ee
ee,ee,ee,ee,ee,ee,ee,ee,ee,ee,ee,ee,ee,ee,ee,ee,ee,ee,ee,ee,ee,ee,ee,ee,s11,s12,s13,s14,s15,s22,ee,s113,ee,ee,ee,ee,ee,ee,e1,ee,ee,ee,ee,ee,ee,ee,ee,ee,ee,ee,ee,ee,ee,ee,ee,ee,114.0,16.0,ee,ee,ee,ee,ee,ee,ee,ee,ee,ee,ee,ee,ee,ee,ee,ee,112.0,ee,ee,ee
ee,ee,ee,ee,ee,ee,ee,ee,ee,ee,ee,ee,ee,ee,ee,ee,ee,ee,ee,ee,ee,ee,ee,s115,ee,ee,ee,ee,ee,ee,ee,e0,ee,r61,ee,ee,ee,ee,e1,ee,ee,ee,ee,ee,ee,ee,ee,ee,ee,ee,ee,ee,ee,ee,ee,ee,ee,ee,ee,ee,ee,ee,ee,ee,ee,ee,ee,ee,ee,ee,ee,ee,ee,ee,ee,ee,ee,ee
ee,ee,ee,ee,ee,ee,ee,ee,ee,ee,ee,ee,ee,ee,ee,ee,ee,ee,ee,ee,ee,ee,ee,ee,ee,ee,ee,ee,ee,ee,ee,e0,ee,r62,ee,ee,ee,ee,e1,ee,ee,ee,ee,ee,ee,ee,ee,ee,ee,ee,ee,ee,ee,ee,ee,ee,ee,ee,ee,ee,ee,ee,ee,ee,ee,ee,ee,ee,ee,ee,ee,ee,ee,ee,ee,ee,ee,ee
ee,ee,ee,ee,ee,ee,ee,ee,ee,ee,ee,ee,ee,ee,ee,ee,ee,ee,ee,ee,ee,ee,s116,ee,ee,ee,ee,ee,ee,ee,ee,e0,ee,ee,ee,ee,ee,ee,e1,ee,ee,ee,ee,ee,ee,ee,ee,ee,ee,ee,ee,ee,ee,ee,ee,ee,ee,ee,ee,ee,ee,ee,ee,ee,ee,ee,ee,ee,ee,ee,ee,ee,ee,ee,ee,ee,ee,ee
ee,ee,ee,ee,ee,ee,ee,ee,ee,ee,ee,ee,ee,ee,ee,ee,ee,ee,ee,ee,ee,ee,ee,ee,ee,ee,ee,ee,ee,ee,ee,e0,ee,s117,ee,ee,ee,ee,e1,ee,ee,ee,ee,ee,ee,ee,ee,ee,ee,ee,ee,ee,ee,ee,ee,ee,ee,ee,ee,ee,ee,ee,ee,ee,ee,ee,ee,ee,ee,ee,ee,ee,ee,ee,ee,ee,ee,ee
ee,ee,ee,ee,ee,ee,ee,ee,ee,ee,ee,ee,ee,ee,ee,ee,ee,ee,ee,ee,ee,ee,ee,ee,ee,ee,ee,ee,ee,ee,ee,e0,ee,s118,ee,ee,ee,ee,e1,ee,ee,ee,ee,ee,ee,ee,ee,ee,ee,ee,ee,ee,ee,ee,ee,ee,ee,ee,ee,ee,ee,ee,ee,ee,ee,ee,ee,ee,ee,ee,ee,ee,ee,ee,ee,ee,ee,ee
ee,ee,ee,ee,ee,ee,ee,ee,ee,ee,ee,ee,ee,ee,ee,ee,ee,ee,ee,ee,ee,ee,ee,ee,ee,ee,ee,ee,ee,ee,ee,e0,ee,ee,ee,ee,ee,s119,e1,ee,ee,ee,ee,ee,ee,ee,ee,ee,ee,ee,ee,ee,ee,ee,ee,ee,ee,ee,ee,ee,ee,ee,ee,ee,ee,ee,ee,ee,ee,ee,ee,ee,ee,ee,ee,ee,ee,ee
ee,ee,ee,ee,ee,ee,ee,ee,ee,ee,ee,ee,ee,ee,ee,ee,ee,ee,ee,ee,ee,ee,ee,ee,ee,ee,ee,ee,ee,ee,ee,e0,ee,ee,ee,ee,ee,s120,e1,ee,ee,ee,ee,ee,ee,ee,ee,ee,ee,ee,ee,ee,ee,ee,ee,ee,ee,ee,ee,ee,ee,ee,ee,ee,ee,ee,ee,ee,ee,ee,ee,ee,ee,ee,ee,ee,ee,ee
r95,r95,r95,r95,r95,r95,r95,r95,r95,r95,r95,r95,r95,ee,ee,ee,ee,ee,ee,ee,ee,ee,r95,r95,ee,ee,ee,ee,ee,ee,ee,r95,ee,r95,ee,ee,ee,ee,e1,ee,ee,ee,ee,ee,ee,ee,ee,ee,ee,ee,ee,ee,ee,ee,ee,ee,ee,ee,ee,ee,ee,ee,ee,ee,ee,ee,ee,ee,ee,ee,ee,ee,ee,ee,ee,ee,ee,ee
ee,ee,ee,ee,ee,ee,ee,ee,ee,ee,ee,ee,ee,ee,ee,ee,ee,ee,ee,ee,ee,ee,ee,s123,ee,ee,ee,ee,ee,ee,ee,s122,ee,ee,ee,ee,ee,ee,e1,ee,ee,ee,ee,ee,ee,ee,ee,ee,ee,ee,ee,ee,ee,ee,ee,ee,ee,ee,ee,ee,ee,ee,ee,ee,ee,ee,ee,ee,ee,ee,ee,ee,ee,ee,ee,ee,ee,121.0
ee,ee,ee,ee,ee,ee,ee,ee,ee,ee,ee,ee,ee,ee,ee,ee,ee,ee,ee,ee,ee,ee,r78,r78,ee,ee,ee,ee,ee,ee,ee,r78,ee,r78,ee,ee,ee,ee,e1,ee,ee,ee,ee,ee,ee,ee,ee,ee,ee,ee,ee,ee,ee,ee,ee,ee,ee,ee,ee,ee,ee,ee,ee,ee,ee,ee,ee,ee,ee,ee,ee,ee,ee,ee,ee,ee,ee,ee
ee,ee,ee,ee,ee,ee,ee,ee,ee,ee,ee,ee,ee,ee,ee,ee,ee,ee,ee,ee,ee,ee,r79,r79,ee,ee,ee,ee,ee,ee,ee,r79,ee,r79,ee,ee,ee,ee,e1,ee,ee,ee,ee,ee,ee,ee,ee,ee,ee,ee,ee,ee,ee,ee,ee,ee,ee,ee,ee,ee,ee,ee,ee,ee,ee,ee,ee,ee,ee,ee,ee,ee,ee,ee,ee,ee,ee,ee
ee,ee,ee,ee,ee,ee,ee,ee,ee,ee,ee,ee,ee,ee,ee,ee,ee,ee,ee,ee,ee,ee,ee,ee,ee,ee,ee,ee,ee,ee,ee,e0,ee,r81,ee,ee,ee,ee,e1,ee,ee,ee,ee,ee,ee,ee,ee,ee,ee,ee,ee,ee,ee,ee,ee,ee,ee,ee,ee,ee,ee,ee,ee,ee,ee,ee,ee,ee,ee,ee,ee,ee,ee,ee,ee,ee,ee,ee
ee,ee,ee,ee,ee,ee,ee,ee,ee,ee,ee,ee,ee,ee,ee,ee,ee,ee,ee,ee,ee,ee,s124,ee,ee,ee,ee,ee,ee,ee,ee,e0,ee,ee,ee,ee,ee,ee,e1,ee,ee,ee,ee,ee,ee,ee,ee,ee,ee,ee,ee,ee,ee,ee,ee,ee,ee,ee,ee,ee,ee,ee,ee,ee,ee,ee,ee,ee,ee,ee,ee,ee,ee,ee,ee,ee,ee,ee
ee,s44,ee,ee,ee,ee,ee,ee,ee,ee,ee,ee,ee,s51,s45,s46,s48,s49,s50,s52,s53,ee,ee,ee,ee,ee,ee,ee,ee,ee,s41,e0,s43,ee,ee,ee,ee,ee,e1,ee,ee,ee,ee,ee,ee,ee,ee,ee,ee,ee,ee,33.0,39.0,47.0,ee,ee,ee,ee,ee,40.0,37.0,ee,ee,ee,ee,ee,ee,ee,ee,125.0,ee,ee,ee,ee,ee,ee,42.0,ee
ee,ee,ee,ee,ee,ee,ee,ee,ee,ee,ee,ee,ee,ee,ee,ee,ee,ee,ee,ee,ee,ee,s126,ee,ee,ee,ee,ee,ee,ee,ee,e0,ee,ee,ee,ee,ee,ee,e1,ee,ee,ee,ee,ee,ee,ee,ee,ee,ee,ee,ee,ee,ee,ee,ee,ee,ee,ee,ee,ee,ee,ee,ee,ee,ee,ee,ee,ee,ee,ee,ee,ee,ee,ee,ee,ee,ee,ee
r49,r49,r49,r49,r49,r49,r49,r49,r49,r49,r49,r49,r49,ee,ee,ee,ee,ee,ee,ee,ee,ee,r49,r49,ee,ee,ee,ee,ee,ee,ee,r49,ee,r49,ee,ee,ee,ee,e1,ee,ee,ee,ee,ee,ee,ee,ee,ee,ee,ee,ee,ee,ee,ee,ee,ee,ee,ee,ee,ee,ee,ee,ee,ee,ee,ee,ee,ee,ee,ee,ee,ee,ee,ee,ee,ee,ee,ee
ee,ee,ee,ee,ee,ee,ee,ee,ee,ee,ee,ee,ee,r40,ee,ee,ee,ee,ee,ee,ee,ee,ee,ee,ee,ee,ee,ee,ee,ee,ee,e0,ee,ee,ee,ee,ee,ee,e1,ee,ee,ee,ee,r40,ee,ee,ee,ee,ee,ee,ee,ee,ee,ee,ee,ee,ee,ee,ee,ee,ee,ee,ee,ee,ee,ee,ee,ee,ee,ee,ee,ee,ee,ee,ee,ee,ee,ee
ee,ee,ee,ee,ee,ee,ee,ee,ee,ee,ee,ee,ee,ee,ee,ee,ee,ee,ee,ee,ee,ee,ee,ee,ee,ee,ee,ee,ee,ee,ee,s127,ee,ee,ee,ee,ee,ee,e1,ee,ee,ee,ee,ee,ee,ee,ee,ee,ee,ee,ee,ee,ee,ee,ee,ee,ee,ee,ee,ee,ee,ee,ee,ee,ee,ee,ee,ee,ee,ee,ee,ee,ee,ee,ee,ee,ee,ee
ee,ee,ee,ee,ee,ee,ee,ee,ee,ee,ee,ee,ee,ee,ee,ee,ee,ee,ee,ee,ee,ee,ee,ee,ee,ee,ee,ee,ee,ee,ee,e0,ee,ee,ee,ee,ee,s128,e1,ee,ee,ee,ee,ee,ee,ee,ee,ee,ee,ee,ee,ee,ee,ee,ee,ee,ee,ee,ee,ee,ee,ee,ee,ee,ee,ee,ee,ee,ee,ee,ee,ee,ee,ee,ee,ee,ee,ee
ee,ee,ee,ee,ee,ee,ee,ee,ee,ee,ee,ee,ee,s129,ee,ee,ee,ee,ee,ee,ee,ee,ee,ee,ee,ee,ee,ee,ee,ee,ee,e0,ee,ee,ee,ee,ee,ee,e1,ee,ee,ee,ee,ee,ee,ee,ee,ee,ee,ee,ee,ee,ee,ee,ee,ee,ee,ee,ee,ee,ee,ee,ee,ee,ee,ee,ee,ee,ee,ee,ee,ee,ee,ee,ee,ee,ee,ee
ee,ee,ee,ee,ee,ee,ee,ee,ee,ee,ee,ee,ee,s28,ee,ee,ee,ee,ee,ee,ee,ee,ee,ee,ee,ee,ee,ee,ee,ee,ee,e0,ee,ee,ee,ee,ee,ee,e1,ee,ee,ee,ee,ee,ee,ee,ee,ee,ee,ee,ee,ee,ee,ee,ee,ee,ee,ee,ee,27.0,ee,ee,ee,130.0,ee,ee,ee,ee,ee,ee,ee,ee,ee,ee,ee,ee,ee,ee
ee,ee,ee,ee,ee,ee,ee,ee,ee,ee,ee,ee,ee,ee,ee,ee,ee,ee,ee,ee,ee,ee,ee,ee,ee,ee,ee,ee,ee,ee,ee,e0,ee,ee,s131,ee,ee,ee,e1,ee,ee,ee,ee,ee,ee,ee,ee,ee,ee,ee,ee,ee,ee,ee,ee,ee,ee,ee,ee,ee,ee,ee,ee,ee,ee,ee,ee,ee,ee,ee,ee,ee,ee,ee,ee,ee,ee,ee
ee,ee,ee,ee,ee,ee,ee,ee,ee,ee,ee,ee,ee,ee,ee,ee,ee,ee,ee,ee,ee,ee,ee,ee,r65,r65,r65,r65,r65,r65,ee,e0,ee,ee,ee,r65,r65,ee,r65,ee,r65,r65,r65,ee,r65,ee,ee,ee,ee,ee,ee,ee,ee,ee,ee,ee,ee,ee,ee,ee,ee,ee,ee,ee,ee,ee,ee,ee,ee,ee,ee,ee,ee,ee,ee,ee,ee,ee
ee,ee,ee,ee,ee,ee,ee,ee,ee,ee,ee,ee,ee,ee,ee,ee,ee,ee,ee,ee,ee,ee,ee,ee,r66,r66,r66,r66,r66,r66,ee,e0,ee,ee,ee,r66,r66,ee,r66,ee,r66,r66,r66,ee,r66,ee,ee,ee,ee,ee,ee,ee,ee,ee,ee,ee,ee,ee,ee,ee,ee,ee,ee,ee,ee,ee,ee,ee,ee,ee,ee,ee,ee,ee,ee,ee,ee,ee
ee,ee,ee,ee,ee,ee,ee,ee,ee,ee,ee,ee,ee,ee,ee,ee,ee,ee,ee,ee,ee,ee,ee,ee,s11,s12,s13,s14,s15,s22,ee,e0,ee,ee,ee,s17,s18,ee,s132,ee,s19,s20,s21,ee,ee,ee,ee,ee,ee,ee,ee,ee,ee,ee,ee,ee,135.0,16.0,ee,ee,ee,134.0,5.0,ee,6.0,7.0,8.0,9.0,10.0,ee,ee,ee,ee,133.0,ee,ee,ee,ee
ee,ee,ee,ee,ee,ee,ee,ee,ee,ee,ee,ee,ee,ee,ee,ee,ee,ee,ee,ee,ee,ee,ee,ee,s11,s12,s13,s14,s15,s22,ee,e0,ee,ee,ee,s17,s18,ee,s137,ee,s19,s20,s21,ee,ee,ee,ee,ee,ee,ee,ee,ee,ee,ee,ee,ee,135.0,16.0,ee,ee,ee,134.0,5.0,ee,6.0,7.0,8.0,9.0,10.0,ee,ee,ee,ee,136.0,ee,ee,ee,ee
ee,ee,ee,ee,ee,ee,ee,ee,ee,ee,ee,ee,ee,ee,ee,ee,ee,ee,ee,ee,ee,ee,ee,ee,ee,ee,ee,ee,ee,ee,ee,s138,ee,ee,ee,ee,ee,ee,e1,ee,ee,ee,ee,ee,ee,ee,ee,ee,ee,ee,ee,ee,ee,ee,ee,ee,ee,ee,ee,ee,ee,ee,ee,ee,ee,ee,ee,ee,ee,ee,ee,ee,ee,ee,ee,ee,ee,ee
r97,r97,r97,r97,r97,r97,r97,r97,r97,r97,r97,r97,r97,ee,ee,ee,ee,ee,ee,ee,ee,ee,r97,r97,ee,ee,ee,ee,ee,ee,ee,r97,ee,r97,ee,ee,ee,ee,e1,ee,ee,ee,ee,ee,ee,ee,ee,ee,ee,ee,ee,ee,ee,ee,ee,ee,ee,ee,ee,ee,ee,ee,ee,ee,ee,ee,ee,ee,ee,ee,ee,ee,ee,ee,ee,ee,ee,ee
ee,s44,ee,ee,ee,ee,ee,ee,ee,ee,ee,ee,ee,s51,s45,s46,s48,s49,s50,s52,s53,ee,ee,ee,ee,ee,ee,ee,ee,ee,s41,e0,s43,ee,ee,ee,ee,ee,e1,ee,ee,ee,ee,ee,ee,ee,ee,ee,ee,ee,ee,33.0,39.0,47.0,ee,ee,ee,ee,ee,40.0,139.0,ee,ee,ee,ee,ee,ee,ee,ee,ee,ee,ee,ee,ee,ee,ee,42.0,ee
ee,ee,ee,ee,ee,ee,ee,ee,ee,ee,ee,ee,ee,ee,ee,ee,ee,ee,ee,ee,ee,ee,ee,ee,ee,ee,ee,ee,ee,ee,ee,e0,ee,r82,ee,ee,ee,ee,e1,ee,ee,ee,ee,ee,ee,ee,ee,ee,ee,ee,ee,ee,ee,ee,ee,ee,ee,ee,ee,ee,ee,ee,ee,ee,ee,ee,ee,ee,ee,ee,ee,ee,ee,ee,ee,ee,ee,ee
ee,ee,ee,ee,ee,ee,ee,ee,ee,ee,ee,ee,ee,ee,ee,ee,ee,ee,ee,ee,ee,ee,r84,s108,ee,ee,ee,ee,ee,ee,ee,e0,ee,ee,ee,ee,ee,ee,e1,ee,ee,ee,ee,ee,ee,ee,ee,ee,ee,ee,ee,ee,ee,ee,ee,ee,ee,ee,ee,ee,ee,ee,ee,ee,ee,ee,ee,ee,ee,ee,ee,140.0,ee,ee,ee,ee,ee,ee
r48,r48,r48,r48,r48,r48,r48,r48,r48,r48,r48,r48,r48,ee,ee,ee,ee,ee,ee,ee,ee,ee,r48,r48,ee,ee,ee,ee,ee,ee,ee,r48,ee,r48,ee,ee,ee,ee,e1,ee,ee,ee,ee,ee,ee,ee,ee,ee,ee,ee,ee,ee,ee,ee,ee,ee,ee,ee,ee,ee,ee,ee,ee,ee,ee,ee,ee,ee,ee,ee,ee,ee,ee,ee,ee,ee,ee,ee
ee,ee,ee,ee,ee,ee,ee,ee,ee,ee,ee,ee,ee,ee,ee,ee,ee,ee,ee,ee,ee,ee,ee,ee,ee,ee,ee,ee,ee,ee,ee,e0,ee,ee,ee,ee,ee,s141,e1,ee,ee,ee,ee,ee,ee,ee,ee,ee,ee,ee,ee,ee,ee,ee,ee,ee,ee,ee,ee,ee,ee,ee,ee,ee,ee,ee,ee,ee,ee,ee,ee,ee,ee,ee,ee,ee,ee,ee
ee,ee,ee,ee,ee,ee,ee,ee,ee,ee,ee,ee,ee,ee,ee,ee,ee,ee,ee,ee,ee,ee,ee,ee,s11,s12,s13,s14,s15,s22,ee,e0,ee,ee,ee,s17,s18,ee,e1,ee,s19,s20,s21,ee,ee,ee,ee,ee,ee,ee,ee,ee,ee,ee,ee,ee,135.0,16.0,ee,ee,ee,134.0,5.0,ee,6.0,7.0,8.0,9.0,143.0,ee,ee,ee,ee,142.0,ee,ee,ee,ee
ee,ee,ee,ee,ee,ee,ee,ee,ee,ee,ee,ee,ee,ee,ee,ee,ee,ee,ee,ee,ee,ee,ee,s145,ee,ee,ee,ee,ee,ee,ee,r92,ee,ee,ee,ee,ee,ee,e1,ee,ee,ee,ee,ee,ee,ee,ee,ee,ee,ee,ee,ee,ee,ee,ee,ee,ee,ee,ee,ee,ee,ee,ee,ee,ee,ee,ee,ee,ee,ee,ee,ee,ee,ee,ee,144.0,ee,ee
ee,ee,ee,ee,ee,ee,ee,ee,ee,ee,ee,ee,ee,ee,ee,ee,ee,ee,ee,ee,ee,ee,ee,ee,ee,ee,ee,ee,ee,ee,ee,e0,ee,r63,ee,ee,ee,ee,e1,ee,ee,ee,ee,ee,ee,ee,ee,ee,ee,ee,ee,ee,ee,ee,ee,ee,ee,ee,ee,ee,ee,ee,ee,ee,ee,ee,ee,ee,ee,ee,ee,ee,ee,ee,ee,ee,ee,ee
ee,s44,ee,ee,ee,ee,ee,ee,ee,ee,ee,ee,ee,s51,s45,s46,s48,s49,s50,s52,s53,ee,ee,ee,ee,ee,ee,ee,ee,ee,s41,e0,s43,ee,ee,ee,ee,ee,e1,ee,ee,ee,ee,ee,ee,ee,ee,ee,ee,ee,ee,33.0,39.0,47.0,ee,ee,ee,ee,ee,40.0,37.0,ee,ee,ee,ee,ee,ee,ee,ee,146.0,ee,ee,ee,ee,ee,ee,42.0,ee
ee,ee,ee,ee,ee,ee,ee,ee,ee,ee,ee,ee,ee,ee,ee,ee,ee,ee,ee,ee,ee,ee,ee,ee,r68,r68,r68,r68,r68,r68,ee,e0,ee,ee,ee,r68,r68,ee,r68,s147,r68,r68,r68,ee,r68,ee,ee,ee,ee,ee,ee,ee,ee,ee,ee,ee,ee,ee,ee,ee,ee,ee,ee,ee,ee,ee,ee,ee,ee,ee,ee,ee,ee,ee,ee,ee,ee,ee
ee,ee,ee,ee,ee,ee,ee,ee,ee,ee,ee,ee,ee,ee,ee,ee,ee,ee,ee,ee,ee,ee,ee,ee,s11,s12,s13,s14,s15,s22,ee,e0,ee,ee,ee,s17,s18,ee,s148,ee,s19,s20,s21,ee,ee,ee,ee,ee,ee,ee,ee,ee,ee,ee,ee,ee,135.0,16.0,ee,ee,ee,149.0,5.0,ee,6.0,7.0,8.0,9.0,10.0,ee,ee,ee,ee,ee,ee,ee,ee,ee
ee,ee,ee,ee,ee,ee,ee,ee,ee,ee,ee,ee,ee,ee,ee,ee,ee,ee,ee,ee,ee,ee,ee,ee,r90,r90,r90,r90,r90,r90,ee,e0,ee,ee,ee,r90,r90,ee,r90,ee,r90,r90,r90,ee,ee,ee,ee,ee,ee,ee,ee,ee,ee,ee,ee,ee,ee,ee,ee,ee,ee,ee,ee,ee,ee,ee,ee,ee,ee,ee,ee,ee,ee,ee,ee,ee,ee,ee
ee,ee,ee,ee,ee,ee,ee,ee,ee,ee,ee,ee,ee,s28,ee,ee,ee,ee,ee,ee,ee,ee,ee,ee,ee,ee,ee,ee,ee,ee,ee,e0,ee,ee,ee,ee,ee,ee,e1,ee,ee,ee,ee,ee,ee,ee,ee,ee,ee,ee,ee,ee,ee,ee,ee,ee,ee,ee,ee,27.0,ee,ee,ee,26.0,ee,ee,ee,ee,ee,ee,ee,ee,ee,ee,ee,ee,ee,ee
ee,ee,ee,ee,ee,ee,ee,ee,ee,ee,ee,ee,ee,ee,ee,ee,ee,ee,ee,ee,ee,ee,ee,ee,s11,s12,s13,s14,s15,s22,ee,e0,ee,ee,ee,s17,s18,ee,s150,ee,s19,s20,s21,ee,ee,ee,ee,ee,ee,ee,ee,ee,ee,ee,ee,ee,135.0,16.0,ee,ee,ee,149.0,5.0,ee,6.0,7.0,8.0,9.0,10.0,ee,ee,ee,ee,ee,ee,ee,ee,ee
ee,ee,ee,ee,ee,ee,ee,ee,ee,ee,ee,ee,ee,ee,ee,ee,ee,ee,ee,ee,ee,ee,ee,ee,r74,r74,r74,r74,r74,r74,ee,e0,ee,ee,ee,r74,r74,ee,r74,ee,r74,r74,r74,ee,r74,ee,ee,ee,ee,ee,ee,ee,ee,ee,ee,ee,ee,ee,ee,ee,ee,ee,ee,ee,ee,ee,ee,ee,ee,ee,ee,ee,ee,ee,ee,ee,ee,ee
r96,r96,r96,r96,r96,r96,r96,r96,r96,r96,r96,r96,r96,ee,ee,ee,ee,ee,ee,ee,ee,ee,r96,r96,ee,ee,ee,ee,ee,ee,ee,r96,ee,r96,ee,ee,ee,ee,e1,ee,ee,ee,ee,ee,ee,ee,ee,ee,ee,ee,ee,ee,ee,ee,ee,ee,ee,ee,ee,ee,ee,ee,ee,ee,ee,ee,ee,ee,ee,ee,ee,ee,ee,ee,ee,ee,ee,ee
ee,ee,ee,ee,ee,ee,ee,ee,ee,ee,ee,ee,ee,ee,ee,ee,ee,ee,ee,ee,ee,ee,ee,s123,ee,ee,ee,ee,ee,ee,ee,r99,ee,ee,ee,ee,ee,ee,e1,ee,ee,ee,ee,ee,ee,ee,ee,ee,ee,ee,ee,ee,ee,ee,ee,ee,ee,ee,ee,ee,ee,ee,ee,ee,ee,ee,ee,ee,ee,ee,ee,ee,ee,ee,ee,ee,ee,151.0
ee,ee,ee,ee,ee,ee,ee,ee,ee,ee,ee,ee,ee,ee,ee,ee,ee,ee,ee,ee,ee,ee,r83,ee,ee,ee,ee,ee,ee,ee,ee,e0,ee,ee,ee,ee,ee,ee,e1,ee,ee,ee,ee,ee,ee,ee,ee,ee,ee,ee,ee,ee,ee,ee,ee,ee,ee,ee,ee,ee,ee,ee,ee,ee,ee,ee,ee,ee,ee,ee,ee,ee,ee,ee,ee,ee,ee,ee
ee,ee,ee,ee,ee,ee,ee,ee,ee,ee,ee,ee,ee,ee,ee,ee,ee,ee,ee,ee,ee,ee,ee,ee,s11,s12,s13,s14,s15,s22,ee,e0,ee,ee,ee,s17,s18,ee,e1,ee,s19,s20,s21,ee,ee,ee,ee,ee,ee,ee,ee,ee,ee,ee,ee,ee,135.0,16.0,ee,ee,ee,134.0,5.0,ee,6.0,7.0,8.0,9.0,153.0,ee,ee,ee,ee,152.0,ee,ee,ee,ee
ee,ee,ee,ee,ee,ee,ee,ee,ee,ee,ee,ee,ee,ee,ee,ee,ee,ee,ee,ee,ee,ee,ee,ee,s11,s12,s13,s14,s15,s22,ee,e0,ee,ee,ee,s17,s18,ee,e1,ee,s19,s20,s21,ee,ee,ee,ee,ee,ee,ee,ee,ee,ee,ee,ee,ee,135.0,16.0,ee,ee,ee,149.0,5.0,ee,6.0,7.0,8.0,9.0,154.0,ee,ee,ee,ee,ee,ee,ee,ee,ee
ee,ee,ee,ee,ee,ee,ee,ee,ee,ee,ee,ee,ee,ee,ee,ee,ee,ee,ee,ee,ee,ee,ee,ee,r58,r58,r58,r58,r58,r58,ee,e0,ee,ee,ee,r58,r58,ee,s155,ee,r58,r58,r58,ee,ee,ee,ee,ee,ee,ee,ee,ee,ee,ee,ee,ee,ee,ee,ee,ee,ee,ee,ee,ee,ee,ee,ee,ee,ee,ee,ee,ee,ee,ee,ee,ee,ee,ee
ee,ee,ee,ee,ee,ee,ee,ee,ee,ee,ee,ee,ee,ee,ee,ee,ee,ee,ee,ee,ee,ee,ee,ee,ee,ee,ee,ee,ee,ee,ee,r91,ee,ee,ee,ee,ee,ee,e1,ee,ee,ee,ee,ee,ee,ee,ee,ee,ee,ee,ee,ee,ee,ee,ee,ee,ee,ee,ee,ee,ee,ee,ee,ee,ee,ee,ee,ee,ee,ee,ee,ee,ee,ee,ee,ee,ee,ee
ee,ee,ee,ee,ee,ee,ee,ee,ee,ee,ee,ee,ee,ee,ee,ee,ee,ee,ee,ee,ee,ee,ee,ee,s11,s12,s13,s14,s15,s22,ee,e0,ee,ee,ee,ee,ee,ee,e1,ee,ee,ee,ee,ee,ee,ee,ee,ee,ee,ee,ee,ee,ee,ee,ee,ee,156.0,16.0,ee,ee,ee,ee,ee,ee,ee,ee,ee,ee,ee,ee,ee,ee,ee,ee,ee,ee,ee,ee
ee,ee,ee,ee,ee,ee,ee,ee,ee,ee,ee,ee,ee,ee,ee,ee,ee,ee,ee,ee,ee,ee,ee,ee,ee,ee,ee,ee,ee,ee,ee,e0,ee,s157,ee,ee,ee,ee,e1,ee,ee,ee,ee,ee,ee,ee,ee,ee,ee,ee,ee,ee,ee,ee,ee,ee,ee,ee,ee,ee,ee,ee,ee,ee,ee,ee,ee,ee,ee,ee,ee,ee,ee,ee,ee,ee,ee,ee
ee,ee,ee,ee,ee,ee,ee,ee,ee,ee,ee,ee,ee,ee,ee,ee,ee,ee,ee,ee,ee,ee,ee,ee,ee,ee,ee,ee,ee,ee,ee,e0,ee,ee,ee,ee,ee,s158,e1,ee,ee,ee,ee,ee,ee,ee,ee,ee,ee,ee,ee,ee,ee,ee,ee,ee,ee,ee,ee,ee,ee,ee,ee,ee,ee,ee,ee,ee,ee,ee,ee,ee,ee,ee,ee,ee,ee,ee
ee,ee,ee,ee,ee,ee,ee,ee,ee,ee,ee,ee,ee,ee,ee,ee,ee,ee,ee,ee,ee,ee,ee,ee,r70,r70,r70,r70,r70,r70,ee,e0,ee,ee,ee,r70,r70,ee,r70,s159,r70,r70,r70,ee,r70,ee,ee,ee,ee,ee,ee,ee,ee,ee,ee,ee,ee,ee,ee,ee,ee,ee,ee,ee,ee,ee,ee,ee,ee,ee,ee,ee,ee,ee,ee,ee,ee,ee
ee,ee,ee,ee,ee,ee,ee,ee,ee,ee,ee,ee,ee,ee,ee,ee,ee,ee,ee,ee,ee,ee,ee,ee,r89,r89,r89,r89,r89,r89,ee,e0,ee,ee,ee,r89,r89,ee,r89,ee,r89,r89,r89,ee,ee,ee,ee,ee,ee,ee,ee,ee,ee,ee,ee,ee,ee,ee,ee,ee,ee,ee,ee,ee,ee,ee,ee,ee,ee,ee,ee,ee,ee,ee,ee,ee,ee,ee
ee,ee,ee,ee,ee,ee,ee,ee,ee,ee,ee,ee,ee,ee,ee,ee,ee,ee,ee,ee,ee,ee,ee,ee,r73,r73,r73,r73,r73,r73,ee,e0,ee,ee,ee,r73,r73,ee,r73,ee,r73,r73,r73,ee,r73,ee,ee,ee,ee,ee,ee,ee,ee,ee,ee,ee,ee,ee,ee,ee,ee,ee,ee,ee,ee,ee,ee,ee,ee,ee,ee,ee,ee,ee,ee,ee,ee,ee
ee,ee,ee,ee,ee,ee,ee,ee,ee,ee,ee,ee,ee,ee,ee,ee,ee,ee,ee,ee,ee,ee,ee,ee,ee,ee,ee,ee,ee,ee,ee,r98,ee,ee,ee,ee,ee,ee,e1,ee,ee,ee,ee,ee,ee,ee,ee,ee,ee,ee,ee,ee,ee,ee,ee,ee,ee,ee,ee,ee,ee,ee,ee,ee,ee,ee,ee,ee,ee,ee,ee,ee,ee,ee,ee,ee,ee,ee
ee,ee,ee,ee,ee,ee,ee,ee,ee,ee,ee,ee,ee,ee,ee,ee,ee,ee,ee,ee,ee,ee,ee,ee,s11,s12,s13,s14,s15,s22,ee,e0,ee,ee,ee,s17,s18,ee,e1,ee,s19,s20,s21,ee,ee,ee,ee,ee,ee,ee,ee,ee,ee,ee,ee,ee,135.0,16.0,ee,ee,ee,149.0,5.0,ee,6.0,7.0,8.0,9.0,160.0,ee,ee,ee,ee,ee,ee,ee,ee,ee
ee,ee,ee,ee,ee,ee,ee,ee,ee,ee,ee,ee,ee,ee,ee,ee,ee,ee,ee,ee,ee,ee,ee,ee,r58,r58,r58,r58,r58,r58,ee,e0,ee,ee,ee,r58,r58,ee,s161,ee,r58,r58,r58,ee,ee,ee,ee,ee,ee,ee,ee,ee,ee,ee,ee,ee,ee,ee,ee,ee,ee,ee,ee,ee,ee,ee,ee,ee,ee,ee,ee,ee,ee,ee,ee,ee,ee,ee
ee,ee,ee,ee,ee,ee,ee,ee,ee,ee,ee,ee,ee,ee,ee,ee,ee,ee,ee,ee,ee,ee,ee,ee,r58,r58,r58,r58,r58,r58,ee,e0,ee,ee,ee,r58,r58,ee,s162,ee,r58,r58,r58,ee,ee,ee,ee,ee,ee,ee,ee,ee,ee,ee,ee,ee,ee,ee,ee,ee,ee,ee,ee,ee,ee,ee,ee,ee,ee,ee,ee,ee,ee,ee,ee,ee,ee,ee
ee,ee,ee,ee,ee,ee,ee,ee,ee,ee,ee,ee,ee,ee,ee,ee,ee,ee,ee,ee,ee,ee,ee,ee,r88,r88,r88,r88,r88,r88,ee,e0,ee,ee,ee,r88,r88,ee,e1,ee,r88,r88,r88,ee,r88,ee,ee,ee,ee,ee,ee,ee,ee,ee,ee,ee,ee,ee,ee,ee,ee,ee,ee,ee,ee,ee,ee,ee,ee,ee,ee,ee,ee,ee,ee,ee,ee,ee
ee,ee,ee,ee,ee,ee,ee,ee,ee,ee,ee,ee,ee,s163,ee,ee,ee,ee,ee,ee,ee,ee,ee,ee,ee,ee,ee,ee,ee,ee,ee,e0,ee,ee,ee,ee,ee,ee,e1,ee,ee,ee,ee,ee,ee,ee,ee,ee,ee,ee,ee,ee,ee,ee,ee,ee,ee,ee,ee,ee,ee,ee,ee,ee,ee,ee,ee,ee,ee,ee,ee,ee,ee,ee,ee,ee,ee,ee
ee,ee,ee,ee,ee,ee,ee,ee,ee,ee,ee,ee,ee,ee,ee,ee,ee,ee,ee,ee,ee,ee,ee,ee,r64,r64,r64,r64,r64,r64,ee,e0,ee,ee,ee,r64,r64,ee,r64,ee,r64,r64,r64,ee,r64,ee,ee,ee,ee,ee,ee,ee,ee,ee,ee,ee,ee,ee,ee,ee,ee,ee,ee,ee,ee,ee,ee,ee,ee,ee,ee,ee,ee,ee,ee,ee,ee,ee
ee,ee,ee,ee,ee,ee,ee,ee,ee,ee,ee,ee,ee,ee,ee,ee,ee,ee,ee,ee,ee,ee,ee,ee,s11,s12,s13,s14,s15,s22,ee,e0,ee,ee,ee,s17,s18,ee,s164,ee,s19,s20,s21,ee,ee,ee,ee,ee,ee,ee,ee,ee,ee,ee,ee,ee,135.0,16.0,ee,ee,ee,134.0,5.0,ee,6.0,7.0,8.0,9.0,10.0,ee,ee,ee,ee,165.0,ee,ee,ee,ee
ee,ee,ee,ee,ee,ee,ee,ee,ee,ee,ee,ee,ee,ee,ee,ee,ee,ee,ee,ee,ee,ee,ee,ee,ee,ee,ee,ee,ee,ee,ee,e0,ee,ee,ee,ee,ee,s166,e1,ee,ee,ee,ee,ee,ee,ee,ee,ee,ee,ee,ee,ee,ee,ee,ee,ee,ee,ee,ee,ee,ee,ee,ee,ee,ee,ee,ee,ee,ee,ee,ee,ee,ee,ee,ee,ee,ee,ee
ee,ee,ee,ee,ee,ee,ee,ee,ee,ee,ee,ee,ee,ee,ee,ee,ee,ee,ee,ee,ee,ee,ee,ee,r58,r58,r58,r58,r58,r58,ee,e0,ee,ee,ee,r58,r58,ee,s167,ee,r58,r58,r58,ee,ee,ee,ee,ee,ee,ee,ee,ee,ee,ee,ee,ee,ee,ee,ee,ee,ee,ee,ee,ee,ee,ee,ee,ee,ee,ee,ee,ee,ee,ee,ee,ee,ee,ee
ee,ee,ee,ee,ee,ee,ee,ee,ee,ee,ee,ee,ee,ee,ee,ee,ee,ee,ee,ee,ee,ee,ee,ee,r86,r86,r86,r86,r86,r86,ee,e0,ee,ee,ee,r86,r86,ee,e1,ee,r86,r86,r86,ee,r86,ee,ee,ee,ee,ee,ee,ee,ee,ee,ee,ee,ee,ee,ee,ee,ee,ee,ee,ee,ee,ee,ee,ee,ee,ee,ee,ee,ee,ee,ee,ee,ee,ee
ee,ee,ee,ee,ee,ee,ee,ee,ee,ee,ee,ee,ee,ee,ee,ee,ee,ee,ee,ee,ee,ee,ee,ee,r87,r87,r87,r87,r87,r87,ee,e0,ee,ee,ee,r87,r87,ee,e1,ee,r87,r87,r87,ee,r87,ee,ee,ee,ee,ee,ee,ee,ee,ee,ee,ee,ee,ee,ee,ee,ee,ee,ee,ee,ee,ee,ee,ee,ee,ee,ee,ee,ee,ee,ee,ee,ee,ee
ee,ee,ee,ee,ee,ee,ee,ee,ee,ee,ee,ee,ee,ee,ee,ee,ee,ee,ee,ee,ee,ee,ee,s145,ee,ee,ee,ee,ee,ee,ee,r94,ee,ee,ee,ee,ee,ee,e1,ee,ee,ee,ee,ee,ee,ee,ee,ee,ee,ee,ee,ee,ee,ee,ee,ee,ee,ee,ee,ee,ee,ee,ee,ee,ee,ee,ee,ee,ee,ee,ee,ee,ee,ee,ee,168.0,ee,ee
ee,ee,ee,ee,ee,ee,ee,ee,ee,ee,ee,ee,ee,ee,ee,ee,ee,ee,ee,ee,ee,ee,ee,ee,r67,r67,r67,r67,r67,r67,ee,e0,ee,ee,ee,r67,r67,ee,r67,ee,r67,r67,r67,ee,r67,ee,ee,ee,ee,ee,ee,ee,ee,ee,ee,ee,ee,ee,ee,ee,ee,ee,ee,ee,ee,ee,ee,ee,ee,ee,ee,ee,ee,ee,ee,ee,ee,ee
ee,ee,ee,ee,ee,ee,ee,ee,ee,ee,ee,ee,ee,ee,ee,ee,ee,ee,ee,ee,ee,ee,ee,ee,s11,s12,s13,s14,s15,s22,ee,e0,ee,ee,ee,s17,s18,ee,s169,ee,s19,s20,s21,ee,ee,ee,ee,ee,ee,ee,ee,ee,ee,ee,ee,ee,135.0,16.0,ee,ee,ee,149.0,5.0,ee,6.0,7.0,8.0,9.0,10.0,ee,ee,ee,ee,ee,ee,ee,ee,ee
ee,ee,ee,ee,ee,ee,ee,ee,ee,ee,ee,ee,ee,ee,ee,ee,ee,ee,ee,ee,ee,ee,ee,ee,s11,s12,s13,s14,s15,s22,ee,e0,ee,ee,ee,s17,s18,ee,s170,ee,s19,s20,s21,ee,ee,ee,ee,ee,ee,ee,ee,ee,ee,ee,ee,ee,135.0,16.0,ee,ee,ee,134.0,5.0,ee,6.0,7.0,8.0,9.0,10.0,ee,ee,ee,ee,171.0,ee,ee,ee,ee
ee,ee,ee,ee,ee,ee,ee,ee,ee,ee,ee,ee,ee,ee,ee,ee,ee,ee,ee,ee,ee,ee,ee,ee,r85,r85,r85,r85,r85,r85,ee,e0,ee,ee,ee,r85,r85,ee,e1,ee,r85,r85,r85,ee,r85,ee,ee,ee,ee,ee,ee,ee,ee,ee,ee,ee,ee,ee,ee,ee,ee,ee,ee,ee,ee,ee,ee,ee,ee,ee,ee,ee,ee,ee,ee,ee,ee,ee
ee,ee,ee,ee,ee,ee,ee,ee,ee,ee,ee,ee,ee,ee,ee,ee,ee,ee,ee,ee,ee,ee,ee,ee,ee,ee,ee,ee,ee,ee,ee,r93,ee,ee,ee,ee,ee,ee,e1,ee,ee,ee,ee,ee,ee,ee,ee,ee,ee,ee,ee,ee,ee,ee,ee,ee,ee,ee,ee,ee,ee,ee,ee,ee,ee,ee,ee,ee,ee,ee,ee,ee,ee,ee,ee,ee,ee,ee
ee,ee,ee,ee,ee,ee,ee,ee,ee,ee,ee,ee,ee,ee,ee,ee,ee,ee,ee,ee,ee,ee,ee,ee,r69,r69,r69,r69,r69,r69,ee,e0,ee,ee,ee,r69,r69,ee,r69,ee,r69,r69,r69,ee,r69,ee,ee,ee,ee,ee,ee,ee,ee,ee,ee,ee,ee,ee,ee,ee,ee,ee,ee,ee,ee,ee,ee,ee,ee,ee,ee,ee,ee,ee,ee,ee,ee,ee
ee,ee,ee,ee,ee,ee,ee,ee,ee,ee,ee,ee,ee,ee,ee,ee,ee,ee,ee,ee,ee,ee,ee,ee,r71,r71,r71,r71,r71,r71,ee,e0,ee,ee,ee,r71,r71,ee,r71,ee,r71,r71,r71,ee,r71,ee,ee,ee,ee,ee,ee,ee,ee,ee,ee,ee,ee,ee,ee,ee,ee,ee,ee,ee,ee,ee,ee,ee,ee,ee,ee,ee,ee,ee,ee,ee,ee,ee
ee,ee,ee,ee,ee,ee,ee,ee,ee,ee,ee,ee,ee,ee,ee,ee,ee,ee,ee,ee,ee,ee,ee,ee,s11,s12,s13,s14,s15,s22,ee,e0,ee,ee,ee,s17,s18,ee,s172,ee,s19,s20,s21,ee,ee,ee,ee,ee,ee,ee,ee,ee,ee,ee,ee,ee,135.0,16.0,ee,ee,ee,149.0,5.0,ee,6.0,7.0,8.0,9.0,10.0,ee,ee,ee,ee,ee,ee,ee,ee,ee
ee,ee,ee,ee,ee,ee,ee,ee,ee,ee,ee,ee,ee,ee,ee,ee,ee,ee,ee,ee,ee,ee,ee,ee,r72,r72,r72,r72,r72,r72,ee,e0,ee,ee,ee,r72,r72,ee,r72,ee,r72,r72,r72,ee,r72,ee,ee,ee,ee,ee,ee,ee,ee,ee,ee,ee,ee,ee,ee,ee,ee,ee,ee,ee,ee,ee,ee,ee,ee,ee,ee,ee,ee,ee,ee,ee,ee,ee
